{
    "Entities": [
        {
            "EntityID": 0,
            "TransformComponent": {
                "position": {
                    "x": 0.0,
                    "y": 0.0,
                    "z": 0.0
                },
                "matrix": [
                    [
                        1.0,
                        0.0,
                        0.0,
                        0.0
                    ],
                    [
                        0.0,
                        1.0,
                        0.0,
                        0.0
                    ],
                    [
                        0.0,
                        0.0,
                        1.0,
                        0.0
                    ],
                    [
                        0.0,
                        0.0,
                        0.0,
                        1.0
                    ]
                ]
            },
            "PlayerComponent": {
                "state": "PS_IDLE",
                "health": 100.0,
                "score": 0.0,
                "energy": 0.0,
                "speed": {
                    "x": 1.0,
                    "y": 1.0,
                    "z": 1.0
                }
            },
            "ControllerComponent": {
                "UP": "SDL_SCANCODE_I",
                "DOWN": "SDL_SCANCODE_K",
                "LEFT": "SDL_SCANCODE_J",
                "RIGHT": "SDL_SCANCODE_L",
                "ACTION01": "SDL_SCANCODE_Z",
                "ACTION02": "SDL_SCANCODE_B",
                "ROTLEFT": "SDL_SCANCODE_U",
                "ROTRIGHT": "SDL_SCANCODE_O",
                "STEP": {
                    "x": 1,
                    "y": 1,
                    "z": 1
                },
                "SPEAK":"./Lime/res/youredead_kakashi.mp3"
            },
            "SpriteComponent": {
                "sprite": "./Lime/res/kakashi.png",
                "texid": 1,
                "animated": false,
                "duration": 0.0,
                "rows": 1,
                "cols": 1
            },
            "CameraComponent": null
        },
        {
            "EntityID": 1,
            "TransformComponent": {
                "position": {
                    "x": 0.0,
                    "y": 0.0,
                    "z": 0.0
                },
                "matrix": [
                    [
                        1.0,
                        0.0,
                        0.0,
                        0.0
                    ],
                    [
                        0.0,
                        1.0,
                        0.0,
                        0.0
                    ],
                    [
                        0.0,
                        0.0,
                        1.0,
                        0.0
                    ],
                    [
                        0.0,
                        0.0,
                        0.0,
                        1.0
                    ]
                ]
            },
            "PlayerComponent": {
                "state": "PS_IDLE",
                "health": 100.0,
                "score": 0.0,
                "energy": 0.0,
                "speed": {
                    "x": 1.0,
                    "y": 1.0,
                    "z": 1.0
                }
            },
            "ControllerComponent": {
                "UP": "SDL_SCANCODE_W",
                "DOWN": "SDL_SCANCODE_S",
                "LEFT": "SDL_SCANCODE_A",
                "RIGHT": "SDL_SCANCODE_D",
                "ACTION01": "SDL_SCANCODE_X",
                "ACTION02": "SDL_SCANCODE_N",
                "ROTLEFT": "SDL_SCANCODE_Q",
                "ROTRIGHT": "SDL_SCANCODE_E",
                "STEP": {
                    "x": 1,
                    "y": 1,
                    "z": 1
                },
                "SPEAK":"./Lime/res/kamehameha_goku.mp3"
            },
            "SpriteComponent": {
                "sprite": "./Lime/res/goku_chibi.png",
                "texid": 1,
                "animated": false,
                "duration": 0.0,
                "rows": 1,
                "cols": 1
            },
            "CameraComponent": null
        },
        {
            "EntityID": 2,
            "TransformComponent": {
                "position": {
                    "x": 0.0,
                    "y": 0.0,
                    "z": 10.0
                },
                "matrix": [
                    [
                        1.0,
                        0.0,
                        0.0,
                        0.0
                    ],
                    [
                        0.0,
                        1.0,
                        0.0,
                        0.0
                    ],
                    [
                        0.0,
                        0.0,
                        1.0,
                        0.0
                    ],
                    [
                        0.0,
                        0.0,
                        0.0,
                        1.0
                    ]
                ]
            },
            "PlayerComponent": null,
            "ControllerComponent": {
                "UP": "SDL_SCANCODE_T",
                "DOWN": "SDL_SCANCODE_G",
                "LEFT": "SDL_SCANCODE_F",
                "RIGHT": "SDL_SCANCODE_H",
                "ACTION01": "SDL_SCANCODE_C",
                "ACTION02": null,
                "ROTLEFT": null,
                "ROTRIGHT": null,
                "STEP": {
                    "x": 0.01,
                    "y": 0.01,
                    "z": 0.1
                },
                "SPEAK":""
            },
            "SpriteComponent": null,
            "CameraComponent": {
                "lookat": {
                    "x": 0.0,
                    "y": 0.0,
                    "z": -1.0
                },
                "up": {
                    "x": 0.0,
                    "y": 1.0,
                    "z": 0.0
                },
                "right": {
                    "x": 1.0,
                    "y": 0.0,
                    "z": 0.0
                },
                "wup": {
                    "x": 0.0,
                    "y": 1.0,
                    "z": 0.0
                },
                "projmat": [
                    [
                        1.0,
                        0.0,
                        0.0,
                        0.0
                    ],
                    [
                        0.0,
                        1.0,
                        0.0,
                        0.0
                    ],
                    [
                        0.0,
                        0.0,
                        1.0,
                        0.0
                    ],
                    [
                        0.0,
                        0.0,
                        0.0,
                        1.0
                    ]
                ],
                "viewmat": [
                    [
                        1.0,
                        0.0,
                        0.0,
                        0.0
                    ],
                    [
                        0.0,
                        1.0,
                        0.0,
                        0.0
                    ],
                    [
                        0.0,
                        0.0,
                        1.0,
                        0.0
                    ],
                    [
                        0.0,
                        0.0,
                        0.0,
                        1.0
                    ]
                ],
                "zoom": 1.0,
                "sensitivity": 1.0,
                "xrot": 0.0,
                "yrot": -90.0,
                "speed": 1.0,
                "x": 0,
                "y": 0,
                "width": 800,
                "height": 800,
                "activated": true,
                "clearcolor": {
                    "x": 20,
                    "y": 174,
                    "z": 96,
                    "w": 255
                }
            }
        }
    ]
}